auroc_1,auroc_2,auroc_3,auroc_4,auroc_5,mean,std,cv
0.9128125,0.8909374999999999,0.8946875,0.915,0.8603124999999999,0.8947499999999999,0.01968144748233731,0.02199658841278269
