auroc_1,auroc_2,auroc_3,auroc_4,auroc_5,mean,std,cv
0.99375,0.999375,1.0,0.9937499999999999,0.9943749999999999,0.9962500000000001,0.002822897447659082,0.002833523159507234
