auroc_1,auroc_2,auroc_3,auroc_4,auroc_5,mean,std,cv
0.9540625,0.986875,0.9471874999999998,0.9628125000000001,0.9403124999999999,0.9582499999999999,0.016136139563104956,0.016839175124555135
