auroc_1,auroc_2,auroc_3,auroc_4,auroc_5,mean,std,cv
0.8143750000000001,0.8543750000000001,0.9040625,0.92625,0.8437499999999999,0.8685625,0.0408444075119226,0.04702529468164076
