auroc_1,auroc_2,auroc_3,auroc_4,auroc_5,mean,std,cv
0.95875,0.990625,0.9690625,0.9856250000000001,0.9468749999999999,0.9701875000000001,0.016319083920367624,0.016820546461758807
