auroc_1,auroc_2,auroc_3,auroc_4,auroc_5,mean,std,cv
0.79875,0.8825,0.9134375,0.9290625,0.78,0.86075,0.06046518884862595,0.0702470971230043
