auroc_1,auroc_2,auroc_3,auroc_4,auroc_5,mean,std,cv
0.8837499999999999,0.8525,0.8234375,0.8659374999999999,0.8246875,0.8500624999999999,0.02343324961459673,0.027566502009671916
