auroc_1,auroc_2,auroc_3,auroc_4,auroc_5,mean,std,cv
0.815625,0.873125,0.84375,0.90875,0.839375,0.8561250000000001,0.03203855099719709,0.03742274901118071
