auroc_1,auroc_2,auroc_3,auroc_4,auroc_5,mean,std,cv
0.8509375,0.9024999999999999,0.8878125000000001,0.9284375,0.8684375,0.8876250000000001,0.026836891586023887,0.030234492703589785
