auroc_1,auroc_2,auroc_3,auroc_4,auroc_5,mean,std,cv
0.9687500000000001,0.9974999999999999,0.995,0.9821875,0.970625,0.9828125,0.011924240017711788,0.012132772037099435
