auroc_1,auroc_2,auroc_3,auroc_4,auroc_5,mean,std,cv
0.9475,0.96,0.93375,0.9390625,0.8656250000000001,0.9291875,0.03299479125559059,0.035509293071194555
