auroc_1,auroc_2,auroc_3,auroc_4,auroc_5,mean,std,cv
0.8321875,0.8765624999999999,0.8587500000000001,0.8834375,0.831875,0.8565624999999999,0.0215901091358983,0.025205526900720383
