auroc_1,auroc_2,auroc_3,auroc_4,auroc_5,mean,std,cv
0.8465625,0.86375,0.8665625000000001,0.8681249999999998,0.8040625,0.8498125,0.024140377223647508,0.028406709978551162
