auroc_1,auroc_2,auroc_3,auroc_4,auroc_5,mean,std,cv
0.926875,0.9596875,0.906875,0.943125,0.9025,0.9278124999999999,0.02158920447816456,0.02326893039074658
