auroc_1,auroc_2,auroc_3,auroc_4,auroc_5,mean,std,cv
0.8778125,0.8128125,0.8909374999999999,0.9215625000000001,0.8153125,0.8636874999999999,0.04294182110716777,0.049719164752491815
