auroc_1,auroc_2,auroc_3,auroc_4,auroc_5,mean,std,cv
0.9975,1.0,1.0,0.99875,0.996875,0.998625,0.0012747548783981996,0.0012765100797578666
