auroc_1,auroc_2,auroc_3,auroc_4,auroc_5,mean,std,cv
0.9843750000000001,0.983125,0.988125,0.9928125,0.98375,0.9864375000000001,0.003631459761583466,0.003681388594394947
