auroc_1,auroc_2,auroc_3,auroc_4,auroc_5,mean,std,cv
0.9912500000000001,1.0,0.999375,1.0,0.9875,0.9956250000000001,0.005244044240850733,0.005267087749755915
