auroc_1,auroc_2,auroc_3,auroc_4,auroc_5,mean,std,cv
0.968125,0.9628125,0.9768749999999999,0.9725,0.9731249999999999,0.9706875,0.0048185838168490844,0.004964093816855666
