auroc_1,auroc_2,auroc_3,auroc_4,auroc_5,mean,std,cv
0.8309375000000001,0.9506249999999999,0.8668750000000001,0.91875,0.8196875,0.877375,0.050342809193568004,0.057378896359672894
