auroc_1,auroc_2,auroc_3,auroc_4,auroc_5,mean,std,cv
0.9918750000000001,0.9893749999999999,0.989375,0.99625,0.9918750000000001,0.99175,0.002512468905280232,0.00253336920119005
