auroc_1,auroc_2,auroc_3,auroc_4,auroc_5,mean,std,cv
0.9818749999999999,0.9996875,0.998125,0.9912500000000001,0.986875,0.9915624999999999,0.006708203932499389,0.006765286033406255
