auroc_1,auroc_2,auroc_3,auroc_4,auroc_5,mean,std,cv
0.99,0.998125,0.999375,0.9937499999999999,0.9931249999999999,0.9948750000000001,0.003432382554436522,0.0034500641331187557
