auroc_1,auroc_2,auroc_3,auroc_4,auroc_5,mean,std,cv
0.8434375,0.780625,0.8371875,0.88875,0.805625,0.8311249999999999,0.0366319319378599,0.04407511738650613
