auroc_1,auroc_2,auroc_3,auroc_4,auroc_5,mean,std,cv
0.991875,1.0,0.999375,0.9993749999999999,0.9909375000000001,0.9963124999999999,0.004023369234857732,0.004038260319786946
