auroc_1,auroc_2,auroc_3,auroc_4,auroc_5,mean,std,cv
0.8640625,0.8790625,0.8884374999999999,0.9381250000000001,0.7993750000000001,0.8738125,0.044751658488820276,0.051214257622568087
