auroc_1,auroc_2,auroc_3,auroc_4,auroc_5,mean,std,cv
0.988125,0.9881249999999999,0.9975,0.9931249999999999,0.9881250000000001,0.991,0.0037831864876053845,0.003817544387089187
