auroc_1,auroc_2,auroc_3,auroc_4,auroc_5,mean,std,cv
0.9706250000000001,0.988125,0.9668749999999999,0.9834375,0.979375,0.9776875,0.007894816337319074,0.008074989541462966
