auroc_1,auroc_2,auroc_3,auroc_4,auroc_5,mean,std,cv
0.99625,1.0,1.0,1.0,0.9993749999999999,0.9991249999999999,0.0014577379737113337,0.0014590146114963932
