auroc_1,auroc_2,auroc_3,auroc_4,auroc_5,mean,std,cv
0.956875,0.915,0.9518749999999999,0.9646875,0.9387500000000001,0.9454375,0.01740105959417413,0.01840529870475217
