auroc_1,auroc_2,auroc_3,auroc_4,auroc_5,mean,std,cv
0.9790625000000001,1.0,0.99875,0.996875,0.98125,0.9911875,0.00908811036464676,0.009168911396326892
