auroc_1,auroc_2,auroc_3,auroc_4,auroc_5,mean,std,cv
0.9506249999999999,1.0,0.9818749999999999,0.9878125,0.9846874999999999,0.9810000000000001,0.0163976465536979,0.01671523603842803
