auroc_1,auroc_2,auroc_3,auroc_4,auroc_5,mean,std,cv
0.9956250000000001,0.995625,1.0,0.995,0.9946875000000001,0.9961875000000001,0.0019405218370324902,0.0019479483902703958
