auroc_1,auroc_2,auroc_3,auroc_4,auroc_5,mean,std,cv
0.9481250000000001,0.950625,0.9290625,0.936875,0.8503125,0.923,0.03716758920753404,0.04026824399516147
