auroc_1,auroc_2,auroc_3,auroc_4,auroc_5,mean,std,cv
0.999375,1.0,1.0,0.9981249999999999,0.9978125,0.9990625,0.0009270248108869755,0.000927894712179644
