auroc_1,auroc_2,auroc_3,auroc_4,auroc_5,mean,std,cv
0.8796875,0.86,0.8712500000000001,0.9171874999999999,0.7671875,0.8590625000000001,0.049788223381639136,0.05795646228492005
