auroc_1,auroc_2,auroc_3,auroc_4,auroc_5,mean,std,cv
0.9212499999999999,0.9009375,0.90375,0.9309375,0.8878125000000001,0.9089374999999998,0.015315178337192106,0.016849539530707128
