auroc_1,auroc_2,auroc_3,auroc_4,auroc_5,mean,std,cv
0.8784375000000001,0.8978125,0.9209375,0.8968750000000001,0.8109375000000002,0.881,0.037536648758246846,0.04260686578688632
