auroc_1,auroc_2,auroc_3,auroc_4,auroc_5,mean,std,cv
0.905625,0.928125,0.906875,0.9562500000000002,0.8925,0.9178750000000001,0.02232781337256299,0.024325549091720536
