auroc_1,auroc_2,auroc_3,auroc_4,auroc_5,mean,std,cv
0.9884375,1.0,1.0,0.99875,0.9921875,0.9958750000000001,0.004716162369978383,0.004735697120600861
