auroc_1,auroc_2,auroc_3,auroc_4,auroc_5,mean,std,cv
0.995,0.994375,1.0,0.9965625,0.9884375,0.9948750000000001,0.003763517304331161,0.0037829046908718794
