auroc_1,auroc_2,auroc_3,auroc_4,auroc_5,mean,std,cv
0.99875,1.0,0.999375,0.999375,0.9940625,0.9983124999999999,0.002161452058223842,0.0021651056740487995
