auroc_1,auroc_2,auroc_3,auroc_4,auroc_5,mean,std,cv
0.964375,0.97375,0.983125,0.9890625000000001,0.9615625,0.974375,0.010553065312979002,0.010830599423198464
