auroc_1,auroc_2,auroc_3,auroc_4,auroc_5,mean,std,cv
0.8315625,0.8890625,0.928125,0.8971875,0.8734375,0.883875,0.03164722539180963,0.035805091660935796
