auroc_1,auroc_2,auroc_3,auroc_4,auroc_5,mean,std,cv
0.9740625,0.976875,0.96,0.981875,0.954375,0.9694375000000001,0.010462731478920828,0.01079257969587604
