auroc_1,auroc_2,auroc_3,auroc_4,auroc_5,mean,std,cv
0.9775,0.999375,0.993125,0.9928125,0.9871875,0.99,0.007344747272711289,0.007418936639102312
