auroc_1,auroc_2,auroc_3,auroc_4,auroc_5,mean,std,cv
0.8850000000000001,0.9040625,0.9659374999999999,0.9006250000000001,0.9175,0.914625,0.02766385841671396,0.03024612099681723
