auroc_1,auroc_2,auroc_3,auroc_4,auroc_5,mean,std,cv
0.9496874999999999,0.9703125,0.9750000000000001,0.9856250000000001,0.9503125000000001,0.9661875,0.014119191283497822,0.014613303611874323
