auroc_1,auroc_2,auroc_3,auroc_4,auroc_5,mean,std,cv
0.8765625,0.85375,0.911875,0.94125,0.869375,0.8905625,0.03169705230774622,0.03559217046276507
