auroc_1,auroc_2,auroc_3,auroc_4,auroc_5,mean,std,cv
0.9421875,0.97,0.95625,0.9715625,0.898125,0.947625,0.026936412391036803,0.028425181259503288
