auroc_1,auroc_2,auroc_3,auroc_4,auroc_5,mean,std,cv
0.9037499999999999,0.843125,0.8934375,0.9465625000000001,0.8812500000000001,0.8936250000000001,0.03349125352237507,0.03747797288837607
