auroc_1,auroc_2,auroc_3,auroc_4,auroc_5,mean,std,cv
0.9906250000000001,1.0,0.9981249999999999,0.99875,0.9806250000000001,0.993625,0.007282255831814714,0.007328978066991787
