auroc_1,auroc_2,auroc_3,auroc_4,auroc_5,mean,std,cv
0.945,0.945,0.946875,0.93875,0.9178124999999999,0.9386875,0.010793516572461475,0.011498519552525708
