auroc_1,auroc_2,auroc_3,auroc_4,auroc_5,mean,std,cv
0.9840625,0.9987499999999999,0.9974999999999999,0.986875,0.9925,0.9919374999999999,0.005749999999999993,0.0057967361854955515
