auroc_1,auroc_2,auroc_3,auroc_4,auroc_5,mean,std,cv
0.991875,0.993125,1.0,0.994375,0.9928125,0.9944375000000001,0.0028939592256975633,0.0029101469179285406
