auroc_1,auroc_2,auroc_3,auroc_4,auroc_5,mean,std,cv
0.940625,0.9290625,0.954375,0.9618749999999999,0.9540624999999999,0.9480000000000001,0.011686998652348648,0.0123280576501568
