auroc_1,auroc_2,auroc_3,auroc_4,auroc_5,mean,std,cv
0.9671875,0.9918750000000001,0.9796875,0.98,0.9603125,0.9758125,0.01100177542490304,0.011274476833308695
