auroc_1,auroc_2,auroc_3,auroc_4,auroc_5,mean,std,cv
0.99375,1.0,1.0,1.0,0.995,0.9977499999999999,0.002783882181415005,0.002790160041508399
