auroc_1,auroc_2,auroc_3,auroc_4,auroc_5,mean,std,cv
0.9774999999999999,0.990625,1.0,0.99,0.993125,0.99025,0.007295118230707466,0.0073669459537565925
