auroc_1,auroc_2,auroc_3,auroc_4,auroc_5,mean,std,cv
0.866875,0.886875,0.9271875,0.890625,0.8665624999999999,0.8876249999999999,0.022131178515840545,0.024933027478766988
