auroc_1,auroc_2,auroc_3,auroc_4,auroc_5,mean,std,cv
0.9599999999999999,0.94625,0.9584375,0.9746874999999999,0.9009375,0.9480625,0.02523127399676837,0.0266135133461859
