auroc_1,auroc_2,auroc_3,auroc_4,auroc_5,mean,std,cv
0.9393750000000001,0.9275,0.9,0.9281250000000001,0.8446875,0.9079375000000001,0.034182186515786264,0.03764817128468233
