auroc_1,auroc_2,auroc_3,auroc_4,auroc_5,mean,std,cv
0.8584375000000001,0.8496874999999999,0.9068750000000001,0.8662500000000002,0.8115625,0.8585625,0.030597308909445016,0.03563783522975324
