auroc_1,auroc_2,auroc_3,auroc_4,auroc_5,mean,std,cv
0.895,0.8934375000000001,0.89625,0.896875,0.8534375,0.8869999999999999,0.01682237163719791,0.018965469714992012
