auroc_1,auroc_2,auroc_3,auroc_4,auroc_5,mean,std,cv
0.960625,0.97875,0.9637499999999999,0.9706250000000001,0.964375,0.967625,0.006439623436195665,0.006655081706441716
