auroc_1,auroc_2,auroc_3,auroc_4,auroc_5,mean,std,cv
0.8443750000000001,0.8640625,0.854375,0.9031250000000001,0.849375,0.8630625000000001,0.02106203634504509,0.02440383673841128
