auroc_1,auroc_2,auroc_3,auroc_4,auroc_5,mean,std,cv
0.996875,0.9974999999999999,0.998125,0.9987499999999999,0.9965625,0.9975624999999999,0.0008003905296790907,0.0008023462486602001
