auroc_1,auroc_2,auroc_3,auroc_4,auroc_5,mean,std,cv
0.9678125000000001,0.985,0.97375,0.9890625000000001,0.9824999999999999,0.9796250000000001,0.007749495951350628,0.007910675974327552
