auroc_1,auroc_2,auroc_3,auroc_4,auroc_5,mean,std,cv
0.8803124999999999,0.9409375,0.939375,0.903125,0.8999999999999999,0.9127500000000002,0.023709999209194435,0.025976443943242323
