auroc_1,auroc_2,auroc_3,auroc_4,auroc_5,mean,std,cv
0.9481249999999999,0.9246875000000001,0.958125,0.965,0.961875,0.9515625,0.014588094460895125,0.015330673981893072
