auroc_1,auroc_2,auroc_3,auroc_4,auroc_5,mean,std,cv
0.9921875,1.0,1.0,0.9984374999999999,0.9865625,0.9954374999999999,0.005290764358767059,0.0053150141106468865
