auroc_1,auroc_2,auroc_3,auroc_4,auroc_5,mean,std,cv
0.9309375,0.9321875,0.9818749999999999,0.9690625,0.9471875,0.9522499999999999,0.02021215599583578,0.021225682326947527
