auroc_1,auroc_2,auroc_3,auroc_4,auroc_5,mean,std,cv
0.9621875,0.9681249999999999,0.95375,0.965,0.9465624999999999,0.9591249999999999,0.007894321535128923,0.008230753588040061
