auroc_1,auroc_2,auroc_3,auroc_4,auroc_5,mean,std,cv
0.9753125,0.998125,0.999375,0.995625,0.989375,0.9915625,0.008825566554051922,0.008900665922775339
