auroc_1,auroc_2,auroc_3,auroc_4,auroc_5,mean,std,cv
0.9237500000000001,0.9796875,0.90625,0.9450000000000001,0.9265625000000001,0.93625,0.024953863678797327,0.026652991913268174
