auroc_1,auroc_2,auroc_3,auroc_4,auroc_5,mean,std,cv
0.9315625000000001,0.9265625000000001,0.9400000000000001,0.9621875000000001,0.92625,0.9373125000000002,0.013393970191843805,0.014289759489864695
