auroc_1,auroc_2,auroc_3,auroc_4,auroc_5,mean,std,cv
0.95625,0.953125,0.966875,0.971875,0.93875,0.9573750000000001,0.011547456429881024,0.012061581334253581
