auroc_1,auroc_2,auroc_3,auroc_4,auroc_5,mean,std,cv
0.9856250000000001,0.999375,0.993125,0.9981249999999999,0.98875,0.993,0.005279678020485682,0.005316896294547515
