auroc_1,auroc_2,auroc_3,auroc_4,auroc_5,mean,std,cv
0.979375,1.0,0.9868750000000001,0.9884375,0.984375,0.9878125000000001,0.00682367203197809,0.006907861595169214
