auroc_1,auroc_2,auroc_3,auroc_4,auroc_5,mean,std,cv
0.9353125,0.9340625,0.945625,0.9675,0.944375,0.945375,0.011998372285439398,0.012691653878555493
