auroc_1,auroc_2,auroc_3,auroc_4,auroc_5,mean,std,cv
0.835,0.8621874999999999,0.8828125,0.911875,0.818125,0.8620000000000001,0.033390796823376354,0.03873642322897489
