auroc_1,auroc_2,auroc_3,auroc_4,auroc_5,mean,std,cv
0.911875,0.953125,0.9625,0.9509374999999999,0.9234375,0.9403750000000001,0.01930167576921754,0.02052550925877181
