auroc_1,auroc_2,auroc_3,auroc_4,auroc_5,mean,std,cv
0.96,0.9153125,0.95125,0.9453125,0.90875,0.936125,0.020326053170746178,0.021712969070098734
