auroc_1,auroc_2,auroc_3,auroc_4,auroc_5,mean,std,cv
0.9484375,0.999375,0.966875,0.98,0.9478125,0.9684999999999999,0.019588939800305686,0.02022606071275755
