auroc_1,auroc_2,auroc_3,auroc_4,auroc_5,mean,std,cv
0.995625,0.99875,1.0,0.988125,0.9981249999999999,0.9961249999999999,0.0042463219378657425,0.0042628404445885235
