auroc_1,auroc_2,auroc_3,auroc_4,auroc_5,mean,std,cv
0.9628125000000001,0.98375,0.9803125,0.9765624999999999,0.9734375,0.975375,0.007176350047203643,0.00735752920384841
