auroc_1,auroc_2,auroc_3,auroc_4,auroc_5,mean,std,cv
0.9637499999999999,0.9775,0.99625,0.9784375000000001,0.988125,0.9808125000000001,0.010950171231537915,0.011164387924845896
