auroc_1,auroc_2,auroc_3,auroc_4,auroc_5,mean,std,cv
0.97125,0.985625,0.985625,0.9868750000000001,0.9828125,0.9824375,0.0057500000000000225,0.00585278961766018
