auroc_1,auroc_2,auroc_3,auroc_4,auroc_5,mean,std,cv
0.873125,0.9071875,0.8840625,0.9203125,0.8543750000000001,0.8878125000000001,0.023577498542042122,0.026556844538731004
