auroc_1,auroc_2,auroc_3,auroc_4,auroc_5,mean,std,cv
0.950625,0.9840625,0.9540624999999999,0.9868750000000001,0.954375,0.966,0.015975322766692394,0.016537601207756103
